Name,Gender
female_25_it_4002,f
female_25_us_1591,f
female_25_us_2681,f
female_25_us_2681,f
female_25_us_2681,f
female_27_nl_5811,f
female_27_nl_6135,f
female_27_us_2802,f
female_28_nl_6223,f
female_30_nl_1202,f
female_30_nl_1202,f
female_30_nl_5323,f
female_30_nl_5960,f
female_30_us_2580,f
female_30_us_2580,f
female_30_us_2796,f
female_30_us_2796,f
female_31_nl_1440,f
female_31_us_0269,f
female_31_us_1807,f
female_32_nl_2234,f
female_32_us_2326,f
female_32_us_2609,f
female_32_us_2947,f
female_32_us_2947,f
female_35_nl_1184,f
female_35_us_1060,f
female_35_us_1312,f
female_35_us_1431,f
female_35_us_2652,f
female_35_us_2652,f
female_35_us_2833,f
female_36_nl_5365,f
female_36_nl_6641,f
female_36_us_2081,f
female_37_nl_5394,f
female_37_us_2201,f
female_38_nl_1267,f
female_38_us_2073,f
female_38_us_2848,f
female_38_us_2848,f
female_39_nl_5778,f
female_39_nl_5778,f
female_41_nl_5319,f
female_41_nl_5319,f
female_41_nl_5319,f
female_41_us_0017,f
female_41_us_2923,f
female_41_us_2923,f
female_42_it_4305,f
female_42_us_1123,f
female_44_us_1208,f
female_44_us_2302,f
female_50_us_1638,f
female_50_us_2542,f
female_56_us_1894,f
female_56_us_1894,f
female_58_us_2424,f
male_25_it_4311,m
male_25_nl_5739,m
male_25_us_0245,m
male_25_us_0513,m
male_25_us_1682,m
male_26_nl_4009,m
male_26_us_1402,m
male_26_us_2312,m
male_27_us_1570,m
male_27_us_1570,m
male_27_us_1835,m
male_28_us_1430,m
male_28_us_1430,m
male_28_us_1478,m
male_28_us_1478,m
male_28_us_1478,m
male_29_us_0068,m
male_29_us_0068,m
male_29_us_0539,m
male_30_nl_5289,m
male_30_nl_6785,m
male_30_us_0007,m
male_30_us_0007,m
male_30_us_0025,m
male_30_us_0025,m
male_30_us_0169,m
male_30_us_0169,m
male_30_us_0169,m
male_30_us_1377,m
male_30_us_1560,m
male_31_it_4611,m
male_31_it_4611,m
male_31_us_0424,m
male_31_us_1593,m
male_31_us_2342,m
male_32_nl_6070,m
male_32_nl_6070,m
male_32_us_0535,m
male_32_us_1386,m
male_32_us_1533,m
male_32_us_2373,m
male_32_us_2373,m
male_33_nl_5886,m
male_34_us_0405,m
male_34_us_0405,m
male_34_us_1371,m
male_35_us_0445,m
male_35_us_1286,m
male_35_us_1286,m
male_35_us_1332,m
male_35_us_1502,m
male_35_us_1552,m
male_35_us_1552,m
male_35_us_2506,m
male_36_nl_2015,m
male_36_nl_2015,m
male_36_nl_5280,m
male_36_nl_5280,m
male_36_nl_6242,m
male_36_us_1840,m
male_36_us_1840,m
male_37_nl_6248,m
male_37_us_1443,m
male_37_us_1443,m
male_39_nl_6338,m
male_39_us_0196,m
male_40_nl_5282,m
male_41_us_0082,m
male_41_us_0122,m
male_41_us_1444,m
male_41_us_2409,m
male_43_nl_6500,m
male_44_nl_6132,m
male_45_us_0001,m
male_45_us_0001,m
male_46_us_2175,m
male_46_us_2175,m
